{"cameraMode":{"drawMode":0,"name":"Shaded","section":"Shading Mode"},"sceneLighting":false,"audioPlay":false,"sceneViewState":{"showFog":true,"showMaterialUpdate":true,"showSkybox":false,"showFlares":true,"showImageEffects":true,"showParticleSystems":true},"in2DMode":false,"pivot":{"x":106.0999984741211,"y":22.517353057861329,"z":101.59329986572266},"rotation":{"x":-0.29580044746398928,"y":0.022859934717416765,"z":-0.0073249442502856258,"w":-0.9552286267280579},"size":17.986845016479493,"orthographic":false}