{"cameraMode":{"drawMode":0,"name":"Shaded","section":"Shading Mode"},"sceneLighting":false,"audioPlay":false,"sceneViewState":{"showFog":true,"showMaterialUpdate":true,"showSkybox":false,"showFlares":true,"showImageEffects":true,"showParticleSystems":true},"in2DMode":false,"pivot":{"x":-0.7232499718666077,"y":-4.17078161239624,"z":-5.426904678344727},"rotation":{"x":0.010525001212954522,"y":0.9224604964256287,"z":-0.38601154088974,"w":0.026048332452774049},"size":11.068487167358399,"orthographic":false}