{"cameraMode":{"drawMode":0,"name":"Shaded","section":"Shading Mode"},"sceneLighting":false,"audioPlay":false,"sceneViewState":{"showFog":true,"showMaterialUpdate":true,"showSkybox":false,"showFlares":true,"showImageEffects":true,"showParticleSystems":true},"in2DMode":false,"pivot":{"x":-3.3567652702331545,"y":6.036064147949219,"z":-3.894230365753174},"rotation":{"x":0.2994096279144287,"y":-0.0500594899058342,"z":0.01573905162513256,"w":0.952704131603241},"size":5.459248065948486,"orthographic":false}