{"cameraMode":{"drawMode":0,"name":"Shaded","section":"Shading Mode"},"sceneLighting":false,"audioPlay":false,"sceneViewState":{"showFog":true,"showMaterialUpdate":true,"showSkybox":false,"showFlares":true,"showImageEffects":true,"showParticleSystems":true},"in2DMode":false,"pivot":{"x":2.607225179672241,"y":-40.73964309692383,"z":39.58671951293945},"rotation":{"x":0.3928931951522827,"y":0.02709699608385563,"z":-0.011401091702282429,"w":0.9194948673248291},"size":78.8097152709961,"orthographic":false}