{"cameraMode":{"drawMode":0,"name":"Shaded","section":"Shading Mode"},"sceneLighting":false,"audioPlay":false,"sceneViewState":{"showFog":true,"showMaterialUpdate":true,"showSkybox":false,"showFlares":true,"showImageEffects":true,"showParticleSystems":true},"in2DMode":false,"pivot":{"x":-1.0241062641143799,"y":4.843201160430908,"z":-7.538113594055176},"rotation":{"x":0.17043626308441163,"y":0.03174931928515434,"z":-0.005877992138266563,"w":0.9852430820465088},"size":5.172816276550293,"orthographic":false}