{"cameraMode":{"drawMode":0,"name":"Shaded","section":"Shading Mode"},"sceneLighting":false,"audioPlay":false,"sceneViewState":{"showFog":true,"showMaterialUpdate":true,"showSkybox":false,"showFlares":true,"showImageEffects":true,"showParticleSystems":true},"in2DMode":false,"pivot":{"x":0.6520535349845886,"y":-84.13801574707031,"z":56.57673263549805},"rotation":{"x":0.4537092447280884,"y":0.038273103535175326,"z":-0.01937052235007286,"w":0.8902907371520996},"size":118.2803726196289,"orthographic":false}