{"cameraMode":{"drawMode":0,"name":"Shaded","section":"Shading Mode"},"sceneLighting":false,"audioPlay":false,"sceneViewState":{"showFog":true,"showMaterialUpdate":true,"showSkybox":false,"showFlares":true,"showImageEffects":true,"showParticleSystems":true},"in2DMode":false,"pivot":{"x":1.3940000534057618,"y":0.4972516894340515,"z":0.340999960899353},"rotation":{"x":-0.4011993110179901,"y":-0.016645172610878946,"z":0.006844373885542154,"w":-0.916023313999176},"size":7.410128116607666,"orthographic":false}