{"cameraMode":{"drawMode":0,"name":"Shaded","section":"Shading Mode"},"sceneLighting":false,"audioPlay":false,"sceneViewState":{"showFog":true,"showMaterialUpdate":true,"showSkybox":false,"showFlares":true,"showImageEffects":true,"showParticleSystems":true},"in2DMode":false,"pivot":{"x":-3.975626230239868,"y":11.422624588012696,"z":-18.32680892944336},"rotation":{"x":0.2523890733718872,"y":0.04296140372753143,"z":-0.01116707269102335,"w":0.9670026898384094},"size":1.7770135402679444,"orthographic":false}