{"cameraMode":{"drawMode":0,"name":"Shaded","section":"Shading Mode"},"sceneLighting":false,"audioPlay":false,"sceneViewState":{"showFog":true,"showMaterialUpdate":true,"showSkybox":false,"showFlares":true,"showImageEffects":true,"showParticleSystems":true},"in2DMode":false,"pivot":{"x":-0.010498046875,"y":2.507000207901001,"z":-0.01995849609375},"rotation":{"x":0.18083563446998597,"y":-0.006464535836130381,"z":0.0014163482701405883,"w":0.9836786985397339},"size":8.516209602355957,"orthographic":false}