{"cameraMode":{"drawMode":0,"name":"Shaded","section":"Shading Mode"},"sceneLighting":false,"audioPlay":false,"sceneViewState":{"showFog":true,"showMaterialUpdate":true,"showSkybox":false,"showFlares":true,"showImageEffects":true,"showParticleSystems":true},"in2DMode":false,"pivot":{"x":8.786347389221192,"y":-1.3336637020111085,"z":9.103631973266602},"rotation":{"x":-0.21942181885242463,"y":-0.16214261949062348,"z":0.037040166556835178,"w":-0.9613812565803528},"size":7.6872968673706059,"orthographic":false}