{"cameraMode":{"drawMode":0,"name":"Shaded","section":"Shading Mode"},"sceneLighting":false,"audioPlay":false,"sceneViewState":{"showFog":true,"showMaterialUpdate":true,"showSkybox":false,"showFlares":true,"showImageEffects":true,"showParticleSystems":true},"in2DMode":false,"pivot":{"x":77.66999816894531,"y":22.992055892944337,"z":100.48999786376953},"rotation":{"x":-0.2459096908569336,"y":-0.5625278949737549,"z":0.17951595783233643,"w":-0.7689533829689026},"size":18.9970645904541,"orthographic":false}