{"cameraMode":{"drawMode":0,"name":"Shaded","section":"Shading Mode"},"sceneLighting":false,"audioPlay":false,"sceneViewState":{"showFog":true,"showMaterialUpdate":true,"showSkybox":false,"showFlares":true,"showImageEffects":true,"showParticleSystems":true},"in2DMode":false,"pivot":{"x":-23.991918563842775,"y":12.461947441101075,"z":-48.3192138671875},"rotation":{"x":-0.1808181256055832,"y":0.010263421572744847,"z":-0.0022702934220433237,"w":-0.983608067035675},"size":50.62553405761719,"orthographic":false}