{"cameraMode":{"drawMode":0,"name":"Shaded","section":"Shading Mode"},"sceneLighting":true,"audioPlay":false,"sceneViewState":{"showFog":true,"showMaterialUpdate":true,"showSkybox":true,"showFlares":true,"showImageEffects":true,"showParticleSystems":true},"in2DMode":false,"pivot":{"x":3.0668444633483888,"y":-0.007344420067965984,"z":1.0059802532196046},"rotation":{"x":-0.17946530878543855,"y":-0.13070999085903169,"z":0.022741012275218965,"w":-0.9752818942070007},"size":16.34720802307129,"orthographic":false}