{"cameraMode":{"drawMode":0,"name":"Shaded","section":"Shading Mode"},"sceneLighting":false,"audioPlay":false,"sceneViewState":{"showFog":true,"showMaterialUpdate":true,"showSkybox":false,"showFlares":true,"showImageEffects":true,"showParticleSystems":true},"in2DMode":false,"pivot":{"x":68.6500015258789,"y":22.823322296142579,"z":101.33000183105469},"rotation":{"x":-0.4832172989845276,"y":-0.09303417056798935,"z":0.05146972835063934,"w":-0.8693206906318665},"size":21.450252532958986,"orthographic":false}