{"cameraMode":{"drawMode":0,"name":"Shaded","section":"Shading Mode"},"sceneLighting":false,"audioPlay":false,"sceneViewState":{"showFog":true,"showMaterialUpdate":true,"showSkybox":false,"showFlares":true,"showImageEffects":true,"showParticleSystems":true},"in2DMode":false,"pivot":{"x":0.8600001335144043,"y":1.9869999885559083,"z":-1.2349997758865357},"rotation":{"x":0.18083563446998597,"y":-0.006464535836130381,"z":0.0014163482701405883,"w":0.9836786985397339},"size":20.005186080932618,"orthographic":false}