{"cameraMode":{"drawMode":0,"name":"Shaded","section":"Shading Mode"},"sceneLighting":false,"audioPlay":false,"sceneViewState":{"showFog":true,"showMaterialUpdate":true,"showSkybox":false,"showFlares":true,"showImageEffects":true,"showParticleSystems":true},"in2DMode":false,"pivot":{"x":-2.9802322387695315e-8,"y":0.2500000596046448,"z":1.003000020980835},"rotation":{"x":-0.16807791590690614,"y":-0.7109795212745667,"z":0.18064382672309876,"w":-0.6585858464241028},"size":2.0658721923828127,"orthographic":false}