{"cameraMode":{"drawMode":0,"name":"Shaded","section":"Shading Mode"},"sceneLighting":false,"audioPlay":false,"sceneViewState":{"showFog":true,"showMaterialUpdate":true,"showSkybox":false,"showFlares":true,"showImageEffects":true,"showParticleSystems":true},"in2DMode":false,"pivot":{"x":-0.18647295236587525,"y":1.0913883447647095,"z":-5.639206409454346},"rotation":{"x":-0.21031257510185243,"y":-0.0031576408073306085,"z":0.0009603593498468399,"w":-0.978065550327301},"size":3.7641916275024416,"orthographic":false}