{"cameraMode":{"drawMode":0,"name":"Shaded","section":"Shading Mode"},"sceneLighting":false,"audioPlay":false,"sceneViewState":{"showFog":true,"showMaterialUpdate":true,"showSkybox":false,"showFlares":true,"showImageEffects":true,"showParticleSystems":true},"in2DMode":false,"pivot":{"x":-4.67686653137207,"y":9.071962356567383,"z":-11.679530143737793},"rotation":{"x":-0.23218852281570435,"y":0.024580292403697969,"z":-0.005571724381297827,"w":-0.9727327227592468},"size":7.957457542419434,"orthographic":false}