{"cameraMode":{"drawMode":0,"name":"Shaded","section":"Shading Mode"},"sceneLighting":true,"audioPlay":false,"sceneViewState":{"showFog":true,"showMaterialUpdate":true,"showSkybox":false,"showFlares":true,"showImageEffects":true,"showParticleSystems":true},"in2DMode":false,"pivot":{"x":-0.032000064849853519,"y":1.1100003719329835,"z":-0.009999752044677735},"rotation":{"x":0.18083563446998597,"y":-0.006464535836130381,"z":0.0014163482701405883,"w":0.9836786985397339},"size":40.010372161865237,"orthographic":false}