{"cameraMode":{"drawMode":0,"name":"Shaded","section":"Shading Mode"},"sceneLighting":false,"audioPlay":false,"sceneViewState":{"showFog":true,"showMaterialUpdate":true,"showSkybox":false,"showFlares":true,"showImageEffects":true,"showParticleSystems":true},"in2DMode":false,"pivot":{"x":-6.384356498718262,"y":-40.470943450927737,"z":-42.09609603881836},"rotation":{"x":0.026891669258475305,"y":-0.9265711903572083,"z":0.36989501118659975,"w":0.06802539527416229},"size":75.76412963867188,"orthographic":false}