{"cameraMode":{"drawMode":0,"name":"Shaded","section":"Shading Mode"},"sceneLighting":false,"audioPlay":false,"sceneViewState":{"showFog":true,"showMaterialUpdate":false,"showSkybox":false,"showFlares":true,"showImageEffects":true,"showParticleSystems":true},"in2DMode":false,"pivot":{"x":-4.632305145263672,"y":1.0327750444412232,"z":-1.2075636386871338},"rotation":{"x":0.13116993010044099,"y":-0.7110695838928223,"z":0.13778318464756013,"w":0.676914632320404},"size":11.15296745300293,"orthographic":false}