{"cameraMode":{"drawMode":0,"name":"Shaded","section":"Shading Mode"},"sceneLighting":false,"audioPlay":false,"sceneViewState":{"showFog":true,"showMaterialUpdate":false,"showSkybox":false,"showFlares":true,"showImageEffects":true,"showParticleSystems":true},"in2DMode":false,"pivot":{"x":-1.7262520790100098,"y":21.312015533447267,"z":14.541337013244629},"rotation":{"x":-0.034853752702474597,"y":-0.9113858938217163,"z":0.40242815017700198,"w":-0.07893572002649307},"size":1.2107287645339966,"orthographic":false}