{"cameraMode":{"drawMode":0,"name":"Shaded","section":"Shading Mode"},"sceneLighting":false,"audioPlay":false,"sceneViewState":{"showFog":true,"showMaterialUpdate":false,"showSkybox":false,"showFlares":true,"showImageEffects":true,"showParticleSystems":true},"in2DMode":false,"pivot":{"x":-0.04808199405670166,"y":2.448927164077759,"z":3.3565475940704347},"rotation":{"x":-0.12344717234373093,"y":0.731876015663147,"z":-0.13772067427635194,"w":-0.6560242176055908},"size":10.80512523651123,"orthographic":false}