{"cameraMode":{"drawMode":0,"name":"Shaded","section":"Shading Mode"},"sceneLighting":false,"audioPlay":false,"sceneViewState":{"showFog":true,"showMaterialUpdate":false,"showSkybox":false,"showFlares":true,"showImageEffects":true,"showParticleSystems":true},"in2DMode":false,"pivot":{"x":-73.6772232055664,"y":-46.684505462646487,"z":128.24755859375},"rotation":{"x":0.19818256795406342,"y":-0.014693420380353928,"z":0.0030568772926926615,"w":0.9801887273788452},"size":142.23805236816407,"orthographic":false}