{"cameraMode":{"drawMode":0,"name":"Shaded","section":"Shading Mode"},"sceneLighting":false,"audioPlay":false,"sceneViewState":{"showFog":true,"showMaterialUpdate":false,"showSkybox":false,"showFlares":true,"showImageEffects":true,"showParticleSystems":true},"in2DMode":false,"pivot":{"x":0.3539736568927765,"y":2.0259556770324709,"z":-1.8088103532791138},"rotation":{"x":0.16488972306251527,"y":0.4394257962703705,"z":-0.08241725713014603,"w":0.8791752457618713},"size":2.765432834625244,"orthographic":false}