{"cameraMode":{"drawMode":0,"name":"Shaded","section":"Shading Mode"},"sceneLighting":false,"audioPlay":false,"sceneViewState":{"showFog":true,"showMaterialUpdate":false,"showSkybox":false,"showFlares":true,"showImageEffects":true,"showParticleSystems":true},"in2DMode":false,"pivot":{"x":8.238954544067383,"y":3.748851776123047,"z":-2.723041296005249},"rotation":{"x":0.082942895591259,"y":-0.6542572975158691,"z":0.0725228562951088,"w":0.7482208609580994},"size":3.209258556365967,"orthographic":false}