{"cameraMode":{"drawMode":0,"name":"Shaded","section":"Shading Mode"},"sceneLighting":false,"audioPlay":false,"sceneViewState":{"showFog":true,"showMaterialUpdate":false,"showSkybox":false,"showFlares":true,"showImageEffects":true,"showParticleSystems":true},"in2DMode":false,"pivot":{"x":25.137165069580079,"y":-4.354785442352295,"z":18.292484283447267},"rotation":{"x":0.11804026365280152,"y":0.5922826528549194,"z":-0.08822233974933624,"w":0.7921862602233887},"size":27.45575714111328,"orthographic":false}