{"cameraMode":{"drawMode":0,"name":"Shaded","section":"Shading Mode"},"sceneLighting":false,"audioPlay":false,"sceneViewState":{"showFog":true,"showMaterialUpdate":false,"showSkybox":false,"showFlares":true,"showImageEffects":true,"showParticleSystems":true},"in2DMode":false,"pivot":{"x":-28.16929817199707,"y":-49.64634323120117,"z":74.38691711425781},"rotation":{"x":-0.28376296162605288,"y":0.14796984195709229,"z":-0.044366732239723209,"w":-0.9463804960250855},"size":116.12167358398438,"orthographic":false}