{"cameraMode":{"drawMode":0,"name":"Shaded","section":"Shading Mode"},"sceneLighting":false,"audioPlay":false,"sceneViewState":{"showFog":true,"showMaterialUpdate":false,"showSkybox":false,"showFlares":true,"showImageEffects":true,"showParticleSystems":true},"in2DMode":false,"pivot":{"x":4.766653537750244,"y":-3.133458137512207,"z":-4.637192726135254},"rotation":{"x":-0.09794338047504425,"y":-0.884432315826416,"z":0.21531958878040315,"w":-0.4022981524467468},"size":12.216042518615723,"orthographic":false}