{"cameraMode":{"drawMode":0,"name":"Shaded","section":"Shading Mode"},"sceneLighting":false,"audioPlay":false,"sceneViewState":{"showFog":true,"showMaterialUpdate":false,"showSkybox":false,"showFlares":true,"showImageEffects":true,"showParticleSystems":true},"in2DMode":false,"pivot":{"x":-6.954533100128174,"y":-20.673078536987306,"z":61.602386474609378},"rotation":{"x":-0.16737449169158936,"y":0.0419810488820076,"z":-0.007193733472377062,"w":-0.9850555658340454},"size":79.84070587158203,"orthographic":false}