{"cameraMode":{"drawMode":0,"name":"Shaded","section":"Shading Mode"},"sceneLighting":false,"audioPlay":false,"sceneViewState":{"showFog":true,"showMaterialUpdate":false,"showSkybox":false,"showFlares":true,"showImageEffects":true,"showParticleSystems":true},"in2DMode":false,"pivot":{"x":0.0,"y":1.014984130859375,"z":-3.322000026702881},"rotation":{"x":0.24644547700881959,"y":-0.013073202222585678,"z":0.0034137009643018247,"w":0.9692026376724243},"size":3.1676065921783449,"orthographic":false}